0-2Onbywljo,380,390
0-6N0Qagy5A,10,20
0-7PyzhzuYQ,30,40
0-EgET9q3qE,30,40
0-Hzui4Qpl4,40,50
0-N62G9etNE,30,40
0-ljtP6WJrI,30,40
0-o0oZvSFOk,30,40
0-yskgO46Bg,30,40
007P6bFgRCU,10,20
00AGIhlv-w0,300,310
00FBAdjlF4g,30,40
00G2vNrTnCc,10,20
00KM53yZi2A,30,40
00Q0fheyPoQ,50,60
00XaUxjGuX8,170,180
00cREXaIlnQ,30,40
00cjBW18AMM,30,40
00iiNF4tn4o,24,34
00mJnXKtToE,6,16
00vYncpl0pk,30,40
00wORCOKNHw,14,24
00z0M1DJyAw,90,100
01CiQ6VDxbo,30,40
01SaXyGY5SM,30,40
01he_d18c8o,50,60
01x0zZpL87I,19,29
02-0m4RbDUI,30,40
02Ak1eIyj3M,30,40
02Fdq2tyIWI,0,10
02UvvE1oA1I,30,40
02XbmweOzOY,70,80
03IZHwOh2eQ,240,250
03Q2SbeP_cw,30,40
03Uz8L0u07Q,480,490
03aJ_RcnBko,550,560
03c-hmoUfuc,30,40
03c2pnO2Xv0,30,40
03zeVlBWhdY,30,40
0439dMJj-FY,30,40
043ltTrTSno,150,160
0474eRAlFLY,30,40
04ChQ0fqzxQ,120,130
04ISXje8c_g,11,21
04NjXsLyCl4,30,40
04QV0Xi5YTk,30,40
04xLK7R5wNA,230,240
054iiUoKoyo,10,20
055kC3FYxK0,11,21
05JAmKFVy44,20,30
05rzRNMhoL0,30,40
06GhXB2_XNE,30,40
06Nq51sogmQ,10,20
06pzMwo6VHA,120,130
06si40RVDco,30,40
076qdKSC8nU,30,40
077aWlQn6XI,30,40
07AQUF6A_mg,290,300
07FxCXxknY4,30,40
07I7v5ISD7Y,350,360
07mCK08xGRc,10,20
07rwFurzpw8,21,31
07xGXxIHOL4,110,120
08Cm_RuvHmk,0,10
08QQAMaw24E,30,40
08Ua8a01P5g,13,23
08mf5GxT820,30,40
08pYl8L1y-g,50,60
08wKt83tR5E,30,40
08wOPt-2PeE,90,100
097K1uMIPyQ,30,40
098xwjCQmHc,210,220
09RRavdW3C0,30,40
09kqMqn5rWs,260,270
09lQmg2wvsY,100,110
09pZj6CEvRw,250,260
09rHHvq75-U,0,10
0A-VisU1k8U,370,380
0AA0R8gbxcI,30,40
0ARh-9Amrv0,260,270
0AkRWunFZPk,190,200
0AqnCSdkjQ0,10,20
0BCXcbaLeoA,30,40
0BauNGmZtTU,250,260
0BgI0XxW0kE,340,350
0BlmXxLck5g,30,40
0CJFt950vOk,30,40
0CTgEP0SIVg,10,20
0CbBZ-XeZNU,250,260
0Cd8q2Zg1Mc,25,35
0Cl6hXpryhY,30,40
0Cu33yBwAPg,60,70
0CzC0-cXe8M,30,40
0D0HHZT3jaE,30,40
0D9ZiiYArKw,30,40
0DJP7ywh7nc,80,90
0DUCrjc0lAo,150,160
0DizopdPMBw,30,40
0Dt2-TtqvJU,30,40
0DwRfesDQvE,25,35
0DzsPL-xElE,20,30
0EI7FxbdsUE,410,420
0EOQco76eXQ,30,40
0EQYTfW7TDc,30,40
0EiQyHjoaz8,14,24
0EvpBtracsk,30,40
0EyIdGgbPEo,30,40
0EyJ15KLxg4,390,400
0F-Z0zF1504,30,40
0F04c_rY4aw,0,10
0FjrveIENzI,20,30
0Fzrv1GXHPI,470,480
0G50t4FlbIA,60,70
0GBdXiumDQw,30,40
0GFtqzOWnWg,110,120
0GNNFBrRz1E,40,50
0Ga7T-2e490,17,27
0GhmrpFuRNQ,540,550
0Gxn9FtaJFc,30,40
0H25ve3qts4,1,11
0H30ORfaFK8,10,20
0H814XXq-WQ,30,40
0HGsAx2KjPM,30,40
0HXYdGGKV2k,30,40
0H_WUo2srs0,30,40
0HbhE91JB-k,360,370
0HqZRxHCGLc,30,40
0HzbpwB3xDk,30,40
0IMxRf5KZBY,30,40
0ISHZQJdeSw,30,40
0ImJuPpEpco,60,70
0IwGsEzITQs,20,30
0IxyUtHw6Ec,0,10
0IzhjqyDzt8,0,10
0J3wJhQVOII,260,270
0JKxC7qrgt0,80,90
0J_TdiZ3TKA,30,40
0JbGxIR8JTk,200,210
0JjprYD2Yhw,20,30
0Jq6WJLLSIk,4,14
0K0pXiZrUJA,200,210
0K1mroXg8bs,9,19
0KCVgexi4yU,30,40
0KKTw8pfNjg,290,300
0KOPvSUlNjI,180,190
0L2ndtt60Q8,30,40
0L6xco-GIow,30,40
0LAcf9DNd1Q,30,40
0LE6Ll1rVlg,30,40
0LLlcPiatiU,210,220
0LTmV_dOmmo,30,40
0LY5zuRlIac,0,10
0MEPG8c0jqk,490,500
0MH_VX7PnQQ,30,40
0MV5mb0RJLY,120,130
0Mba3BS1oRM,30,40
0MzrXd8CUCg,30,40
0N0C0Wbe6AI,30,40
0N17tEW_WEU,30,40
0N6S5OoG7Vg,150,160
0N9EN0BEjP0,430,440
0NMnJXcrhPo,380,390
0NW8rsCj6xQ,30,40
0NZLG7HMiLg,590,600
0O-gZoirpRA,30,40
0OFlTh2_Obo,30,40
0OY8XXZ98rw,30,40
0OYlHvyfNk4,130,140
0OhqyNGlJYE,310,320
0Olm321vgk8,30,40
0PHUQku2P5I,50,60
0PKdFG3iB8w,430,440
0PMFAO4TIU4,30,40
0PQYNtIBVf4,70,80
0PkMaFfZ7Ws,10,20
0QSPtpp1HN8,30,40
0QTme5iyg4A,160,170
0QYedLfOwcI,40,50
0QabiRBcEKc,50,60
0QdEYUt4LL8,110,120
0QqQ1j1vBgw,30,40
0R6KIVvlyfQ,30,40
0R85JknaH-w,90,100
0R8sbTHhJPo,30,40
0RGXyIbiHa4,30,40
0RJa3t8qZS4,30,40
0RKgmvzhBA4,40,50
0RMYLychMXc,0,10
0RZRFj7zDnQ,30,40
0RcMzUdXDRQ,30,40
0Rg7tKJWk2w,30,40
0RgGrVklaao,150,160
0Rjyih3W0Is,0,10
0Rp0mQTZF2o,30,40
0Rt6sNb3P8o,30,40
0RyzdrZgrus,6,16
0S2mvjzH_xQ,40,50
0SLv6CmZas8,2,12
0SNhAKyXtC8,30,40
0SnjS2w_c80,520,530
0TKyCw1Ykq8,30,40
0TSOlaZXXM8,80,90
0TV9zvfwFhs,30,40
0TiEO149Ydc,30,40
0TvuLbDrd6g,50,60
0U20V7Kh_kc,290,300
0U7mQ5GYMX8,300,310
0U9_6RyH3_M,30,40
0UF1FHDPM1A,30,40
0Ubu4BqSWmU,30,40
0VCK8rLKXKA,110,120
0VjPCd62oKg,100,110
0VnKeRijmM8,150,160
0W1sNicXboU,60,70
0Wfdq_3F9VA,3,13
0WhN_cuP4lg,40,50
0XFFOBzJ3aw,120,130
0XSNrKgA94g,30,40
0XTWdzBttaU,0,10
0Xe2zCJNjvk,160,170
0XeH2s-LzZE,2,12
0XxinBtKouQ,30,40
0Y8TTBlRKkQ,330,340
0YIWrXgCjiM,30,40
0YI_WYJVv2M,30,40
0YIyGEM0yG0,550,560
0YTieIiZNN4,10,20
0Ycad70UNwE,60,70
0YsC6M4GFoc,4,14
0Z760XNy4VM,30,40
0ZAfYE4bgs8,0,10
0ZN2HKsFg4A,0,10
0ZY0GW7KYNA,250,260
0_1BfYtffzg,180,190
0_8-g2rof7E,80,90
0_9-dbUW0hU,30,40
0_B2YnBAz3A,220,230
0_FFqLukmHk,80,90
0_O6nVfnCH8,210,220
0_XItMAYkwc,30,40
0_gci63CtFY,30,40
0a5KHX_odJ8,30,40
0a91szM1Ivw,30,40
0aYAf-S-fKM,20,30
0aaLWD7TUSU,30,40
0abzD7hBTRk,30,40
0bKpv6YBl7g,50,60
0bO6DhC2tlU,110,120
0bP2MH3LqvI,30,40
0bRUkLsttto,30,40
0bWZNWZ8YCI,1,11
0bhY7v5dJDY,310,320
0bsbkdnSgMQ,30,40
0bvPjMQ_WbE,30,40
0c1YU_VtFRE,180,190
0c78GAZ0jLY,5,15
0c8754kaMq4,470,480
0cNYPgD6cEA,30,40
0cZQm65sZjc,50,60
0crG6jzAUpE,120,130
0dC6Ay0oqWk,30,40
0dODugQ-e_E,30,40
0dPx94RPy2M,30,40
0dVmGVa3Rbw,20,30
0dd6AlyOnfc,30,40
0dgl6Rvt3X0,30,40
0eTrzI5-ong,30,40
0eXXRhp0p3w,19,29
0ewQiU3q5jM,30,40
0f3zX7BDW3Y,30,40
0fCpAuxrQ_I,380,390
0fD-eSRrybM,30,40
0fZKF6FprcA,30,40
0fiOM---7QI,140,150
0fiuMvWi3yM,20,30
0fqtA_ZBn_8,30,40
0fsntL6RKww,30,40
0fvq8YY28qI,130,140
0fwt2zSftIc,62,72
0g-KosNgMYA,70,80
0g4SlqjORM4,80,90
0g_-KI5NZ-E,30,40
0hOD_iIeePk,30,40
0hUft9scxzY,460,470
0hWIKYNSEPE,80,90
0he6VV5Y9Bg,30,40
0hfU27A6tus,70,80
0hjqlmdPT6g,50,60
0i-RTS_FXcM,30,40
0i8VM_EooCs,30,40
0iiwZ2_9Vi8,90,100
0izHOfrwPn4,180,190
0jFQ21A6GRA,30,40
0jR20-0sy1Y,50,60
0j_nQcD7jdU,190,200
0jiu0RNizU8,160,170
2fi0m8ei_B4,30,40
2gbNCkCPl7w,380,390
2gorz6QJPVg,30,40
2gvw16YDwMA,30,40
2heXOWGXgFw,30,40
2hxIN0MTKbs,30,40
2i1Gs32odx4,410,420
2i4UNf8tjvU,30,40
ApYEndZissU,20,30
ArmIysvGUyk,20,30
ArsQ4TvpVFM,0,10
AvVFDfdKGhY,0,10
Aw43FUCkIb8,20,30
AwJ8orGuOXg,0,10
AxJI24BcHxs,16,26
Ay7bs8DMMyA,5,15
Ayr3X0IMj04,0,10
AzdQtHx0rJ8,0,10
B0EqdnZFfbs,11,21
B0YP60j1VR4,12,22
B1vY7kxQ9Xg,0,10
B2L6sS4DsMY,0,10
B2TIM0OUvLw,20,30
B8HCQ3rEXM4,26,36
B98yOZSj2GE,12,22
BB3CCG8SD54,0,10
BBFNKdwEA5w,9,19
BCVmSKS_LRw,10,20
BCzUvCRiBZs,20,30
BDCa5Q1hGug,0,10
BETa92ALukA,0,10
BFqHyCoypfM,16,26
BITOpJi3deA,0,10
BI_Llv8hnC0,25,35
BIiDhrGUzzI,20,30
BIn8CogzivA,20,30
BJSQQ7-2hEg,5,15
BKgwRJP-wDI,10,20
BLT2erau3zo,6,16
BN4k3mnJteo,0,10
BPAbYUWn3jM,19,29
BSl9p4NxaRo,5,15
BT2JPFpMrzM,27,37
BWKQXn5xDwo,10,20
BWXovj8DPd0,6,16
BZnklP9nY_8,2,12
BZpi8ICbBEY,10,20
B_ohqOgK6T8,0,10
BaCOlRlw3K4,10,20
Bf2m1sXaXk4,10,20
Bg1msUsjhRY,0,10
Bh-o_G4wNZU,10,20
BhRvKxQIVhI,20,30
Bho0lwcxn1g,20,30
BiEt6Hc62go,0,10
BiiJrmXNgUM,0,10
BkfSqWi7bm0,12,22
BlL7vzdhS5I,20,30
BnoyDKYQd3w,10,20
BookISwJRqQ,19,29
BqL897JQBSA,0,10
Bqx_SZgCzZw,10,20
BsG6zbdJbpA,0,10
BtWJne3JKys,20,30
Bt_kR7u6mM4,0,10
BtjUqPLqcIE,20,30
Bx4ypb_M2rI,5,15
BxnLAGsByCI,10,20
BymkWsAcLR4,0,10
BzQw9qtl32o,10,20
C-H88K5GdQE,20,30
C-fRZcWsRYM,10,20
C0p_h5307Mg,0,10
C0rLDkhR1sI,0,10
C1GNgdVq2Tk,20,30
C31iMozaMEA,10,20
C3Jhu77uffQ,0,10
C3s-DmHtDUg,20,30
C4YkkL6W_ow,26,36
C5LS6scAL3E,24,34
C607Hi51zxg,0,10
C7B6IfPlDMg,0,10
C7TihoHf_hM,20,30
C8Euv69GR3U,0,10
C9stdevgvE8,17,27
CBUAy9Zl6ZE,10,20
CCX_4cW_SAU,0,10
CDiY9LmGX50,20,30
CF30GFu4vk8,0,10
CGeBwiyrrl8,10,20
CI7CGphzXYI,0,10
CIMamWkU-zs,21,31
CJ3z2wAyVRM,10,20
CJsbUFtnENs,0,10
CL5vkiMs2c0,10,20
CLfbfluk7Yw,20,30
CLx4iYWSB1c,0,10
CMKnSInoA7I,3,13
CMWoAvgD0A0,9,19
CMzLTmZsUGo,0,10
IOpMfRxQdrs,14,24
IOqtQmToNFg,10,20
IOzWDVGWRng,0,10
IPdwvlkJLxM,0,10
ISNWMTLxmrQ,0,10
ISkHr8PqIDU,10,20
ITYv4126yhk,0,10
ITn45yjJNq0,21,31
ITyKEf4bu0I,21,31
ITym6X1Cvzs,0,10
IUD_ZYOh2MM,0,10
IW0a2qTioAA,19,29
IYllzXfvkmY,20,30
IZLn7IjGJKI,0,10
IZtiMmPN0Xc,0,10
IZxEhaJP_RA,0,10
Ia3MOrU1tAA,0,10
Ia6C4k0o2hc,20,30
Ibjz44Er_qs,10,20
IcmAVLJQAXs,0,10
Id0-Q_eRjmk,27,37
Idh_7cRwAmU,0,10
Idld60L2LEQ,21,31
Idzfy0XbZRo,7,17
IiAg9FMM8sQ,20,30
IiDzSZRzKHU,1,11
IiJciyiQBDw,10,20
IiJdn6bg3fs,0,10
Iiy96BfCOX4,20,30
IjoePLT_cFw,21,31
IkUidTPKNo8,0,10
IkUsSY47oBk,20,30
Ikdb_jA9ehU,0,10
IlqOpkmy4C0,11,21
IlrFGNeZQdo,10,20
Ind-moQb3tc,6,16
InrS4Fdndr4,0,10
JUL2kqVi4qI,0,10
JWAQjlS2OEY,10,20
JWK-arpzfMo,20,30
JX1MvvWZ6sk,12,22
J_AaZl54Bro,10,20
JaGUY5ULTok,20,30
JaTfqRN3IrM,20,30
Jboz8dp-8nM,0,10
JcqeR7BgSUQ,10,20
Jcxg_QuHyYE,0,10
JesyktMT-Dk,10,20
JgxnHxZXzrI,11,21
JirLXTvgTD8,5,15
JixGQdcxzTU,22,32
Jj3Ie49Mzik,20,30
Jk50shI9vV8,23,33
JnXpTkm3nlc,6,16
JnfMv9ti9Sw,10,20
JoYJga1A_UY,20,30
Jogry7CVLzA,7,17
JpDX-n13xpY,23,33
JpL0Vfa1wcQ,0,10
Jq70-UYnVac,6,16
Jr6tMinjE2M,20,30
JrJfHFw6VSY,0,10
Jre2f0ixPnU,27,37
JsA9sGHJAjk,0,10
JtiAq_LErAY,11,21
JuJRUieMZL0,10,20
JuOq6iEvsV4,0,10
JubrxZZlIJE,0,10
JuzqJAPlb5w,3,13
JvvnL7UnCGA,20,30
JwQV6RGUuZ0,22,32
JxB7BCUiZsw,10,20
K-0qmhvJyzE,10,20
K1PzpuR6CqY,10,20
K1uMOLPXfzo,0,10
K2ObTK7rK58,20,30
K30H2gZhijc,17,27
K3iW8_k9Aqo,0,10
K3sMmfDzmyA,10,20
K4fk9S5UxJc,26,36
K5J_3MIIBlU,0,10
K6gfM8IDolc,10,20
K6vC7s5tmG4,19,29
K7Cn10EssFU,0,10
K7pObmi_L8o,14,24
K9NBurQ7c0U,20,30
KAVxfY_grPQ,0,10
KBAW9bg6tPk,20,30
KDzy3ZL626U,11,21
KEdKVX6mrPY,10,20
KEvxUTeSIac,24,34
KF2fVceN7yM,20,30
KFQ4sZfPaco,0,10
KFx-kcFirEg,0,10
KHjz7vSPjLs,0,10
KL0x2wC-vF0,0,10
KL7khw_3TGw,0,10
KLd-rJMoeko,20,30
KLebEpHunWY,6,16
KMrpYyZNpWw,25,35
KN-SPK4PB3k,6,16
KQAR_64a35I,11,21
KTDiZj5k5j4,20,30
KULqvhwsJPk,10,20
KUoMl-m6w-o,26,36
KUrZc88Ma3g,10,20
KVqJ750fZmY,10,20
KXMcqmdI9hM,0,10
KXlV03qy1K4,27,37
KY9ri-UOoLo,10,20
KYnb8YkiKMc,20,30
KYyQ_vhcQgE,20,30
KZoSQEDgZG4,1,11
KZwxm2LgmZE,0,10
KcjSOd4R7VY,21,31
Ki-Qh6cUHag,10,20
KjGMB5wI-YE,0,10
Kk6C7Mm6qWM,20,30
KkDJHfcz-K0,0,10
KkGTB8ESMCM,0,10
KkPrgFi9X6U,20,30
KksMNKXuiNw,12,22
Kn1Se0XxjFM,0,10
KnjgYUAlbdo,0,10
Kogmz2Qacyo,20,30
KpeJXtow3NE,0,10
KsXhRRASk7g,0,10
KuMLSBq0Hqs,25,35
KuSFkrZbGUE,14,24
KxnQvbjn67M,10,20
KxofB_08Vnw,0,10
Ky1c_pF5qoc,6,16
KzTqZhvJ59A,15,25
L-syzwlD05s,0,10
L0uxtAQPaqw,0,10
L2JwKmIw_kc,6,16
L2SI789JKPQ,20,30
L586jpv55nw,0,10
L5DEqvgS_xs,23,33
L5LyCUPLtBs,23,33
L5kaNanGV0I,6,16
L5ohzqF0ZHQ,20,30
L6DFGW6jeV8,10,20
L7wH_Co3RXY,4,14
JUL2kqVi4qI,0,10
JWAQjlS2OEY,10,20
JWK-arpzfMo,20,30
JX1MvvWZ6sk,12,22
J_AaZl54Bro,10,20
JaGUY5ULTok,20,30
JaTfqRN3IrM,20,30
Jboz8dp-8nM,0,10
JcqeR7BgSUQ,10,20
Jcxg_QuHyYE,0,10
JesyktMT-Dk,10,20
JgxnHxZXzrI,11,21
JirLXTvgTD8,5,15
JixGQdcxzTU,22,32
Jj3Ie49Mzik,20,30
Jk50shI9vV8,23,33
JnXpTkm3nlc,6,16
JnfMv9ti9Sw,10,20
JoYJga1A_UY,20,30
Jogry7CVLzA,7,17
JpDX-n13xpY,23,33
JpL0Vfa1wcQ,0,10
Jq70-UYnVac,6,16
Jr6tMinjE2M,20,30
JrJfHFw6VSY,0,10
Jre2f0ixPnU,27,37
JsA9sGHJAjk,0,10
JtiAq_LErAY,11,21
JuJRUieMZL0,10,20
JuOq6iEvsV4,0,10
JubrxZZlIJE,0,10
JuzqJAPlb5w,3,13
JvvnL7UnCGA,20,30
JwQV6RGUuZ0,22,32
JxB7BCUiZsw,10,20
K-0qmhvJyzE,10,20
K1PzpuR6CqY,10,20
K1uMOLPXfzo,0,10
K2ObTK7rK58,20,30
K30H2gZhijc,17,27
K3iW8_k9Aqo,0,10
K3sMmfDzmyA,10,20
K4fk9S5UxJc,26,36
K5J_3MIIBlU,0,10
K6gfM8IDolc,10,20
K6vC7s5tmG4,19,29
K7Cn10EssFU,0,10
K7pObmi_L8o,14,24
K9NBurQ7c0U,20,30
KAVxfY_grPQ,0,10
KBAW9bg6tPk,20,30
KDzy3ZL626U,11,21
KEdKVX6mrPY,10,20
KEvxUTeSIac,24,34
KF2fVceN7yM,20,30
KFQ4sZfPaco,0,10
KFx-kcFirEg,0,10
KHjz7vSPjLs,0,10
KL0x2wC-vF0,0,10
KL7khw_3TGw,0,10
KLd-rJMoeko,20,30
KLebEpHunWY,6,16
KMrpYyZNpWw,25,35
KN-SPK4PB3k,6,16
KQAR_64a35I,11,21
KTDiZj5k5j4,20,30
KULqvhwsJPk,10,20
KUoMl-m6w-o,26,36
KUrZc88Ma3g,10,20
KVqJ750fZmY,10,20
KXMcqmdI9hM,0,10
KXlV03qy1K4,27,37
KY9ri-UOoLo,10,20
KYnb8YkiKMc,20,30
KYyQ_vhcQgE,20,30
KZoSQEDgZG4,1,11
KZwxm2LgmZE,0,10
KcjSOd4R7VY,21,31
Ki-Qh6cUHag,10,20
KjGMB5wI-YE,0,10
Kk6C7Mm6qWM,20,30
KkDJHfcz-K0,0,10
KkGTB8ESMCM,0,10
KkPrgFi9X6U,20,30
KksMNKXuiNw,12,22
Kn1Se0XxjFM,0,10
KnjgYUAlbdo,0,10
Kogmz2Qacyo,20,30
KpeJXtow3NE,0,10
KsXhRRASk7g,0,10
KuMLSBq0Hqs,25,35
KuSFkrZbGUE,14,24
KxnQvbjn67M,10,20
KxofB_08Vnw,0,10
Ky1c_pF5qoc,6,16
KzTqZhvJ59A,15,25
L-syzwlD05s,0,10
L0uxtAQPaqw,0,10
L2JwKmIw_kc,6,16
L2SI789JKPQ,20,30
L586jpv55nw,0,10
L5DEqvgS_xs,23,33
L5LyCUPLtBs,23,33
L5kaNanGV0I,6,16
L5ohzqF0ZHQ,20,30
L6DFGW6jeV8,10,20
L7wH_Co3RXY,4,14
Q_yoAT1Z3Yw,22,32
QaL51pYn4uQ,20,30
Qaqqxq9E9p8,20,30
QbW6LPIgy0o,2,12
Qd5qSAXSLN4,10,20
QdyhX0sGGPE,20,30
QegDGVYTCdk,0,10
Qfgk20nqQXk,10,20
Qghqqwhl4ZM,0,10
Qi5CO-xz6iU,0,10
QiFBbt-6yfU,0,10
QkkZxpD9CZY,20,30
QlqLLZQLNiA,0,10
QlsCzd5Grao,0,10
QpXpWyiWz2o,13,23
QrcL5TkDTD0,0,10
QsONaFwj-lg,20,30
QtGZwaPFMlA,20,30
QtHBqpRDuoo,7,17
Qtpn66PvyUA,3,13
QvVL-MAaHNE,21,31
QvhC3Pyr-fg,10,20
R-d-5b54PIk,28,38
R1horffGyO0,10,20
R3qstNpYVuY,14,24
R5K3km8Fbs8,19,29
R5Voi53JHJE,20,30
R5mK5xASBXM,0,10
R9ipKbO4ev8,10,20
RA8ck5zeHM0,0,10
RAB0TWMYQHI,0,10
RD-oizm_35M,14,24
REoXJo1QDzc,10,20
RF8fPkV9HNc,10,20
RFeU64gTvGQ,0,10
RHMCpnoG6eg,0,10
RIHnpHZpFcw,4,14
RI_Pg4peJw8,10,20
RMPyriqNS-4,13,23
RMVeu3jJH60,0,10
RMWnU7O-UiY,22,32
RN-_agT8_Cg,0,10
RO3_0PYE30A,0,10
ROhlD0G2_ho,17,27
RP5mput8V9A,0,10
RP9ix8mjF20,10,20
RQfN0NCB1MM,10,20
RRAw_ogOfrk,0,10
RSW4IoPPGqA,0,10
RSxTBSVezfU,22,32
RUUZzoeVrK4,20,30
RUftlme_EtU,10,20
RUpjYDteYcg,20,30
RUx39qofQ4M,0,10
RV6trufvnQw,10,20
RVk8Ze26_PA,20,30
RWfQ46PM5jo,11,21
RWvkJKMRbFg,1,11
RXJxtAHtkcs,0,10
RXSyVeHp2yA,0,10
RZmH4hGiYBg,20,30
R_aUMMcTEu4,1,11
Rab0flMO3gs,10,20
RagXV1noyTc,0,10
RbXvbdDSmfA,3,13
RdhqyUuXVDc,20,30
RdzaGBPP-qo,10,20
RejaetB-g-o,10,20
Rg971GlT_Ro,21,31
RgEEH6TgOEI,20,30
RgK_3LkmhsQ,0,10
RgQxl-xSc9k,26,36
RgfbjHz_UTo,11,21
RhnxpZjFQqM,10,20
Ri-tkp3IIic,10,20
Ri0dak6LNZM,0,10
RjFFqAjF12c,20,30
RlZxRpjc3xo,20,30
RmyyW-TMkVc,10,20
RrlgSfQrqQc,20,30
RtXrVvUM8Jo,13,23
Rtbj5Xtv4Uc,18,28
RthSBUaKjes,6,16
RuNg2fBesuE,10,20
RvOBWC1s28w,15,25
RxnU5j6gqF4,21,31
RywuqOdLiMs,6,16
S13PKvOnhuU,9,19
S3oZrMGDMMw,10,20
S4VE32ziupw,10,20
S5RAATO3rTE,0,10
S7tyzFdnDhA,0,10
S8fE5jNVchg,20,30
S8fjyxM7DgU,10,20
S8vAyjeQw9k,4,14
SAFlijpaj0Q,24,34
SEFpDBu9kCU,10,20
SEtj8iHJLJU,20,30
SFMXcbyHbF0,11,21
SFNoSm2QqL0,10,20
SGnZxcS7VKA,10,20
SHqjI5vz2So,10,20
SJ9TY-iqD9Q,10,20
SLAmK__qyXM,10,20
SLcIv8CNk20,0,10
SM10Hrl5d7U,10,20
SMPzo-vGkoc,20,30
SMWJsD5KCeQ,10,20
SNdxshiRXmE,20,30
SNtmhh2JGB4,20,30
SRpAtHjJni0,20,30
SSNWTetG-_E,23,33
SSRvRTm8A4Q,25,35
SSbca0uvt6k,0,10
STHAwIYEHzo,6,16
STnJkHshBas,10,20
SU9ZP2pbqyU,10,20
SUKCp4pK5LY,0,10
SWW1PTL9Jbw,14,24
SYRLMsvEHJc,9,19
SZHUGvO60Bc,20,30
SazBtubiBMc,19,29
ScCa7fZ-xPA,10,20
ScQ2F8LTkuY,21,31
ScwMaXCZC7M,0,10
SeSaoeD5Iso,20,30
SgUdzDdeO78,17,27
ShXr3ciUNXU,3,13
Si-VpDKlZP0,20,30
SjIw9UwlS_w,1,11
Sjl2unvyl48,20,30
SkyxbPeBxNA,0,10
Sl6TpDnyY3E,10,20
Sl_K9kFGjz4,20,30
SonqbrzgxQs,6,16
Sp1YBy4h9OY,10,20
SrLhnoBMyWM,0,10
Ss1zpZjEaE8,20,30
SsJQtV1-ps0,10,20
StO32FBBIH4,11,21
Stc_YLQ6jXA,3,13
SwosBhJ0eYo,0,10
Sx71y_cFKtY,20,30
SzY85V52hgo,16,26
T13AI0smhz0,20,30
T1_nZvxh5kI,8,18
T21ElXBt27A,10,20
T2F6euNVT5Y,10,20
T5Nk8hPJYZY,12,22
T6xSuW0ZxnQ,0,10
T7SR0jZj4zA,0,10
T7ZSZhcsfjA,9,19
T7aPB5yvDs0,13,23