31c2kosdtuo,20,30
5ixvBFzG0kc,28,38
6U_1_DAL7mY,3,13
75bMAERnvng,26,36
9TzyRdTYDvo,24,34
DPNmUOnE83o,10,20
DaaY_n80b2Y,5,15
IsKPMBn6irE,12,22
K8yPsF_C8V0,70,80
KRdvyjpQfoI,0,10
N_bWjtccFg0,20,30
Ojx9kmtLxU4,40,50
PlGrb1DKbao,130,140
PwC9_vE_rqk,120,130
SC9jczwzY-k,30,40
Xx2YziXzVkg,30,40
YxIScOdROZE,90,100
_yKddTXMnNg,40,50
cBktJ0Nfcfc,20,30
k0Ub2BKzJxY,90,100
mOlWsXoDXsY,0,10
mVrzEIJi-1g,10,20
nzqXNoDHdc8,60,70
oSME-ts1WnQ,110,120
z15CKEUxkEg,30,40
--4gqARaEJE,0,10
06rCpqwkcDw,10,20
0Wkk9iNzA9c,30,40
0dXtmlR1Lm0,30,40
2peFmuYqSDo,60,70
2tBRn4xKmzM,30,40
3TyBFLPxDw8,0,9
3lsNtH_m7kw,70,80
4ynKNPBxypA,18,28
5-SzNKBcPWs,30,40
5Y-1he25j9E,10,20
5b6lStP8UXE,380,390
5bHKmOv3XzE,30,40
68PoupXLTzw,60,70
6GjsjhAbXRo,20,30
6SXBknR8MH4,0,10
6kUtpAr79xU,60,70
7AhpZQt1Ml0,120,130
7uK5ctEget0,20,30
8D0pJa05f7M,30,40
8TWtLCjUI5I,0,7
8qMwRaqKt3Y,50,60
AW3s9S3xEQ0,0,10
AjmZCg_sYc8,30,40
BiNbPvdPthY,30,40
CAbXVOWLYps,30,40
E0OTIGSB090,30,40
E6QQRZHrx6s,30,40
EhmWEYp0vno,190,200
Fon1IZ0fRSI,30,40
GwElTrC3uBQ,100,110
HYrEWz7NYpE,10,20
IBGfcPIw-KY,0,10
IUdIAuoqEbM,0,10
JErx-AImWqk,0,10
KS2aTlLJPo8,90,100
L28CnhmeAD4,30,40
LQdCy79W9Vw,20,30
N6e5C5sXdBI,0,10
NZH_tmf9kRM,0,10
NuvgBjmUW1g,140,150
PrAm5YVvXx8,10,20
TM23x21Qs2Q,30,40
TkTn3GPHX08,190,200
UAhzckt0y3U,30,40
UC3J31Brgnw,22,32
UWizNEHrzCY,17,27
V3zM2JFHN3Q,40,50
VVzipNitrmk,0,10
WJV6Ey6hXEw,30,40
WdIsOZQHeBY,30,40
XE0yaKh5vj4,30,40
Xecb_5XO81Q,10,20
_vudBMe0eDo,200,210
aNkOcOCm32s,10,20
aPw48yPQH9A,80,90
bA8idGxNUkQ,26,36
bltHehYBdy8,70,80
cLTaISnGOCc,170,180
dW-rmWpBj88,520,530
e1uLwpLOpr4,10,20
eBhQGaw6v1I,20,30
ftc0tqwUyWA,10,20
gKcq3s0xtzo,360,370
gf1y74QzhTI,30,40
hvjGvi7geEU,0,6
iLHNst_on_c,0,10
kDgSVZJ1mjc,60,70
l9vAmCKJKHY,210,220
nqd6uO6hDSo,30,40
qDAWMw6-e08,10,20
qpNx57h9Ngw,60,70
rcaxwyTo-E4,150,160
rdVo1ikBoJA,0,10
tAzIiRF5Gyc,60,70
upX4cNt_Reo,10,20
yhA_TTKetyM,30,40
ymuNh7Cwhrs,40,50
yoRAvKxwq2U,310,320
0foC-4n-eH0,0,8
20qZLse0acs,30,40
2ZZEtUCIkUw,30,40
37QWwibfvXU,30,40
3AzacBprTzU,60,70
3NRu3vNRFxU,0,10
3rn-tCQafl8,30,40
4IvFk-bZ0-M,20,30
4Jc8UZHaqHw,19,29
4qaJW0mvsoY,30,40
5rSpIXAOjgk,50,60
6A9tDfvsZC0,30,40
6mEVsmeDknA,30,40
6uxFXWS8xvw,20,30
7-htobm4qu0,30,40
86e-ONda0GU,170,180
8fvDLvGQkB4,140,150
9cYVBOJmXIw,30,40
ASUgGJpwlMs,29,39
AdLiRtpI01s,20,30
Cs_DJvnYWTs,10,20
Cu3D2_yZsls,40,50
FrlIx-FwBO0,70,80
GglpWK3bBIA,130,140
HyX9bWXA3Bk,40,50
ItfBY9SrWM8,10,20
Kn-WVGzPVZg,20,30
L4Z7XkS6CtA,30,40
MaG2BHKuTD8,0,10
MgD5JedaXGs,20,30
Oa6AxSrPo1I,20,30
PyxoUq6LzJc,180,190
SUFOgc9Pkd8,30,40
Sb0169-lqLs,0,9
SkPEiTqLlf0,30,40
UlOEjgkNdMU,10,20
WFJ96PH4rvo,20,30
a3UQ9Je4xQM,20,30
b0KSxH37gVE,100,110
cv901tRE0rQ,30,40
eQcSHZyNAuY,40,50
gIevaPNDx3c,50,60
gRYRdRO0APE,190,200
kIYqf7kHzFU,30,40
m98BKPAD-84,20,30
nqnviB5WXSM,30,40
p1S7eGF7tEc,20,30
qAtX6QRLKy0,140,150
t6BEYKUbXi8,30,40
ux7HhOxMRE4,20,30
vyYpxGJr7zI,30,40
wYNKH0Ou9vM,80,90
wqn0tCGn2fU,0,10
y046Ewwm1Ng,120,130
1D4LxbOVn1I,30,40
1MP3sQTk8wo,0,10
2QKJuc_Hscc,50,60
2nQzeKH07LQ,40,50
2rW2I6KmWhw,30,40
3qesirWAGt4,20,30
4GxRRVp3hD4,18,28
5lw-BHt_rXY,30,40
7LQOu6zQjfM,50,60
7NyLkxUSPCQ,6,16
8CrTpWNBiTo,120,130
8vasA2D2_Kc,30,40
9cAeyIVi67U,20,30
BFEeNJkKx6g,30,40
EeGWe8e_2jg,30,40
EecU1KGJIt4,20,30
EsJPJ4MXhs4,30,40
Ey7CIPAeqsY,30,40
F2FjmfvmRa0,20,30
IpqtJmqY4-w,200,210
JQwirnKysXI,30,40
MUJmWnjGEBk,0,10
P15JhIEHVHg,30,40
QejVyYvjrrs,10,20
SW0qQMAZKfo,30,40
TY4tkJAQ1Qg,20,30
ZyiDGq0qh2s,30,40
_fTONy_pqik,30,40
bDdf_ft5rb4,30,40
eMpg3l9nI2s,30,40
f1Z-HuZ-_ZA,30,40
gCHF0oBPZv8,30,40
jcoTSA5FxpE,30,40
ltoAkpHXB8o,120,130
m-WxDQs7hpc,490,500
o6MKemr9e4Y,21,31
qDVhMmYHUAY,10,20
rjGjz5DolWA,30,40
tSX2jYLgPng,30,40
w-AZ5Ld3X7Y,30,40
wKMnausIyzM,30,40
x3NgArwHRYY,30,40
-8pCMgGKZY8,12,22
1_Q80fDGLRM,10,20
3LvZUtupOCs,30,40
5UUgV7-Bg3c,30,40
9ppa4lXXspA,30,40
AF0CtMb81t8,30,40
BHGB73ilrCc,30,40
BQPk4cmN__4,30,40
DpLi9YH5idY,30,40
Mr2kGT6i7e4,20,30
NF1lwZ24RYI,30,40
NKfyi7q0JNU,30,40
WcPOGKf6RE8,110,120
XuaJVdMCCoU,30,40
Yx396qvohX8,30,40
kQQrsmLvoCE,120,130
ojLv2Ji6cJQ,30,40
v5IM8bUpeP8,30,40
-9byM5-ih2M,0,10
1WGfcIOLUK8,30,40
PX9kGT0E7B0,30,40
XO1wG3ne_Cw,30,40
Y3AK50PotkQ,30,40
d2yLX6TwS_c,30,40
x43sC-LNCZI,30,40
yrpBzVXqs8g,590,600
eSMCZfnJ5gI,30,40
x0fI4QXOz9M,30,40
FIktp5ggvX4,10,20